{"V1":{"count":227845.0,"mean":0.0007952909,"std":1.9589255298,"min":-56.4075096313,"25%":-0.9198931512,"50%":0.0186915573,"75%":1.3156162739,"max":2.45188849},"V2":{"count":227845.0,"mean":-0.0004810137,"std":1.6490923774,"min":-72.7157275629,"25%":-0.5987610016,"50%":0.0647457546,"75%":0.8038756158,"max":22.0577289905},"V3":{"count":227845.0,"mean":-0.0003830224,"std":1.5152923493,"min":-48.3255893624,"25%":-0.8917666378,"50%":0.1798589618,"75%":1.0264569234,"max":9.3825584328},"V4":{"count":227845.0,"mean":-0.0000197224,"std":1.41586708,"min":-5.6831711982,"25%":-0.8471112134,"50%":-0.0213610887,"75%":0.7422808029,"max":16.8753440336},"V5":{"count":227845.0,"mean":0.0001745844,"std":1.3795691953,"min":-113.7433067111,"25%":-0.6921004547,"50%":-0.0547574096,"75%":0.6112590484,"max":34.8016658767},"V6":{"count":227845.0,"mean":-0.0011711862,"std":1.3312177158,"min":-26.1605059358,"25%":-0.7686027512,"50%":-0.2741557446,"75%":0.3975011492,"max":73.301625546},"V7":{"count":227845.0,"mean":0.0000767388,"std":1.2384307368,"min":-43.5572415712,"25%":-0.5534814409,"50%":0.0404198325,"75%":0.5705298223,"max":120.5894939452},"V8":{"count":227845.0,"mean":-0.0004339284,"std":1.1914819599,"min":-73.2167184553,"25%":-0.2078391422,"50%":0.0232185518,"75%":0.3278242194,"max":20.0072083651},"V9":{"count":227845.0,"mean":0.000701757,"std":1.0973513034,"min":-13.4340663182,"25%":-0.6403065177,"50%":-0.0506526087,"75%":0.598253636,"max":15.5949946071},"V10":{"count":227845.0,"mean":-0.0003894408,"std":1.0862519922,"min":-24.5882624372,"25%":-0.5356547782,"50%":-0.0933317436,"75%":0.4544690457,"max":23.7451361207},"V11":{"count":227845.0,"mean":-0.0007872474,"std":1.0191997542,"min":-4.7974734648,"25%":-0.7618439603,"50%":-0.0314193868,"75%":0.7374572096,"max":12.0189131816},"V12":{"count":227845.0,"mean":0.0027181279,"std":0.9965089904,"min":-18.6837146333,"25%":-0.4015929581,"50%":0.1423806187,"75%":0.6201476673,"max":7.8483920756},"V13":{"count":227845.0,"mean":-0.0004931217,"std":0.9941028954,"min":-5.7918812063,"25%":-0.6486070001,"50%":-0.014347954,"75%":0.6618680639,"max":7.1268829586},"V14":{"count":227845.0,"mean":-0.0000586175,"std":0.955993139,"min":-19.2143254903,"25%":-0.4258254721,"50%":0.0495710987,"75%":0.4920664474,"max":10.5267660518},"V15":{"count":227845.0,"mean":0.0007440645,"std":0.9151428263,"min":-4.4989446768,"25%":-0.5826483748,"50%":0.0484000574,"75%":0.6495485482,"max":8.8777415977},"V16":{"count":227845.0,"mean":-0.0010699034,"std":0.8742433578,"min":-14.1298545175,"25%":-0.4691067369,"50%":0.0650799748,"75%":0.5215205803,"max":17.3151115176},"V17":{"count":227845.0,"mean":0.0003902483,"std":0.8442349436,"min":-25.1627993693,"25%":-0.4834091725,"50%":-0.0655496485,"75%":0.4000986847,"max":9.2535262505},"V18":{"count":227845.0,"mean":0.0000562369,"std":0.8388737357,"min":-9.498745921,"25%":-0.499149961,"50%":-0.0034841003,"75%":0.5004247081,"max":5.0410691854},"V19":{"count":227845.0,"mean":0.0006635112,"std":0.8139305783,"min":-7.2135274302,"25%":-0.4550361896,"50%":0.005350689,"75%":0.4597817871,"max":5.5721133269},"V20":{"count":227845.0,"mean":-0.0009989386,"std":0.7708058975,"min":-54.4977204946,"25%":-0.2116514138,"50%":-0.0626058757,"75%":0.1327017649,"max":39.4209042482},"V21":{"count":227845.0,"mean":0.0003697419,"std":0.7349625798,"min":-34.8303821448,"25%":-0.2282498014,"50%":-0.0292801937,"75%":0.1863648247,"max":27.2028391573},"V22":{"count":227845.0,"mean":0.0003027067,"std":0.7257354977,"min":-10.9331436977,"25%":-0.5420559511,"50%":0.0065991874,"75%":0.5282820801,"max":10.5030900899},"V23":{"count":227845.0,"mean":0.0000503893,"std":0.627418548,"min":-44.8077352038,"25%":-0.1619318912,"50%":-0.0109828575,"75%":0.1475889706,"max":22.5284116898},"V24":{"count":227845.0,"mean":-0.0002772772,"std":0.6053216714,"min":-2.8366269187,"25%":-0.3548425677,"50%":0.040778172,"75%":0.4389657465,"max":4.5845491369},"V25":{"count":227845.0,"mean":-0.0006553962,"std":0.5212357386,"min":-10.295397075,"25%":-0.3169073152,"50%":0.0160808346,"75%":0.3498797639,"max":6.0708503841},"V26":{"count":227845.0,"mean":0.0001260954,"std":0.4819390828,"min":-2.6045505528,"25%":-0.3264914157,"50%":-0.051622908,"75%":0.2408351976,"max":3.5173456116},"V27":{"count":227845.0,"mean":-0.0000704734,"std":0.404933905,"min":-22.5656793208,"25%":-0.0707398621,"50%":0.0014627356,"75%":0.0911796458,"max":31.6121981061},"V28":{"count":227845.0,"mean":0.000153721,"std":0.326939177,"min":-15.4300839055,"25%":-0.0529308501,"50%":0.011221392,"75%":0.0781177798,"max":33.8478078189},"Amount":{"count":227845.0,"mean":88.1762977024,"std":250.7226015437,"min":0.0,"25%":5.64,"50%":22.0,"75%":77.49,"max":25691.16}}